{
  "run_at": "20260412T174527Z",
  "total_combos": 624,
  "elapsed_hours": 2.48,
  "passed": [],
  "per_coin": {
    "BTC": {
      "best_screen": {
        "coin": "BTC",
        "strategy_family": "vol_overlay",
        "cooldown_hours": 168,
        "min_momentum_magnitude": 0.02,
        "vol_mult_tp": 5.0,
        "vol_mult_sl": 3.5,
        "sharpe_annual": 0.29564892873287724,
        "win_rate": 0.4727272727272727,
        "profit_factor": 1.166312399514557,
        "trades_per_year": 11.89387211367673,
        "final_equity": 107851.5264643017,
        "error": null
      },
      "verified": {
        "total_return": 0.0023580918097321213,
        "ann_return": 0.0005094720240181871,
        "sharpe_annual": -0.0016378126774424333,
        "sharpe_per_trade": -0.0004931725013026405,
        "max_drawdown": 0.16643246632945677,
        "profit_factor": 1.0047782647187078,
        "win_rate": 0.45098039215686275,
        "n_trades": 51,
        "trades_per_year": 11.02886323268206,
        "avg_net_pnl": -1.3363641240517825e-05,
        "avg_raw_pnl": 0.0025111611762879,
        "avg_fee_pnl": -0.0023972147439990077,
        "avg_fee_pct_component": -0.001997678953332507,
        "avg_min_fee_component": 0.0,
        "avg_slippage_component": -0.0003995357906665013,
        "avg_win_net_pnl": 0.027534527221703214,
        "avg_loss_net_pnl": 0.022641988278658577,
        "final_equity": 100235.80918097321,
        "oos_trades": 3,
        "oos_sharpe": -99.0,
        "oos_return": -1.0,
        "trade_pnls": [
          3418.9612051548397,
          -1337.4274657779713,
          2451.3049475804723,
          -1249.0540662306448,
          -1330.009884058691,
          -1409.893060219344,
          3367.894093692708,
          1424.4533069363652,
          2119.8476607852667,
          -2310.6295229617144,
          1334.7003428111998,
          4635.698684957382,
          -2131.0210475108534,
          1797.2978052653655,
          2281.8456813387243,
          1414.2906042878253,
          2534.300164871178,
          -780.545263326474,
          1613.4854289402351,
          1653.699911517221,
          -1790.050824640106,
          2540.027436633393,
          -1448.9050039681333,
          -2279.1079533998122,
          1455.8527898643754,
          -1996.983236366794,
          -1602.7731442726683,
          -1797.0610275631054,
          -1372.1614379685607,
          1999.2078013103592,
          -2253.7945034382906,
          2327.566147580109,
          -2122.9614949077736,
          1777.5521769450822,
          1479.0732048477619,
          -1729.6946044392785,
          2360.24473760925,
          2901.3791104833585,
          -1419.5872749324917,
          -2848.5095297142034,
          -1706.9861171006507,
          -1633.6910856291986,
          1399.159021117803,
          -1329.5156666921391,
          -2073.8161700259097,
          -1324.1537075920266,
          -1275.9657092859234,
          -1457.8595856931468,
          -3274.2430694057753,
          1298.3472019757671,
          -2063.97882841117
        ],
        "_params": {
          "coin": "BTC",
          "strategy_family": "vol_overlay",
          "cooldown_hours": 120,
          "min_momentum_magnitude": 0.01,
          "vol_mult_tp": 5.0,
          "vol_mult_sl": 3.5,
          "sharpe_annual": 0.24730139484898228,
          "win_rate": 0.4931506849315068,
          "profit_factor": 1.12816689402089,
          "trades_per_year": 15.786412078152752,
          "final_equity": 108044.90956661414,
          "error": null
        }
      }
    },
    "LINK": {
      "best_screen": {
        "coin": "LINK",
        "strategy_family": "momentum_trend",
        "cooldown_hours": 48,
        "min_momentum_magnitude": 0.036,
        "vol_mult_tp": 4.0,
        "vol_mult_sl": 3.0,
        "sharpe_annual": 0.5384728841427514,
        "win_rate": 0.509090909090909,
        "profit_factor": 1.193272059065758,
        "trades_per_year": 23.78774422735346,
        "final_equity": 123485.67256187047,
        "error": null
      },
      "verified": {
        "total_return": -0.004659086511122901,
        "ann_return": -0.0010093824515292615,
        "sharpe_annual": -0.05153184226171525,
        "sharpe_per_trade": -0.009872112792163225,
        "max_drawdown": 0.1369895133505296,
        "profit_factor": 0.9962083019406419,
        "win_rate": 0.49206349206349204,
        "n_trades": 126,
        "trades_per_year": 27.247779751332146,
        "avg_net_pnl": -0.00032003864589834346,
        "avg_raw_pnl": 0.002166299545071757,
        "avg_fee_pnl": -0.002400562248509783,
        "avg_fee_pct_component": -0.002000468540424819,
        "avg_min_fee_component": 0.0,
        "avg_slippage_component": -0.0004000937080849638,
        "avg_win_net_pnl": 0.029089954273524746,
        "avg_loss_net_pnl": 0.028810969286589456,
        "final_equity": 99534.09134888771,
        "oos_trades": 6,
        "oos_sharpe": -0.07966259818599775,
        "oos_return": -0.011468008075047217,