{
  "coin": "BTC",
  "run_at": "20260331T090239Z",
  "grid": {
    "strategies": [
      "mean_reversion"
    ],
    "cooldowns": [
      48,
      72,
      96,
      120
    ],
    "min_moms": [
      0.012,
      0.016,
      0.02,
      0.024
    ],
    "pass": 3,
    "note": "threshold relaxation around mean_reversion/cd=72/mm=0.020"
  },
  "n_combinations": 16,
  "results": [
    {
      "coin": "BTC",
      "strategy_family": "mean_reversion",
      "cooldown_hours": 72,
      "min_momentum_magnitude": 0.02,
      "n_trades": 165,
      "sharpe_annual": 0.18141216127758628,
      "win_rate": 0.5818181818181818,
      "profit_factor": 1.0112831515840248,
      "trades_per_year": 35.3675176056338,
      "total_return": 0.010637281762835737,
      "max_drawdown": 0.14955166309662388,
      "final_equity": 101063.72817628356,
      "avg_net_pnl": 0.0006740078253053322,
      "avg_fee_pnl": -0.0024016130863041664,
      "avg_win_pnl": 0.01728789017568795,
      "avg_loss_pnl": 0.0224409589230531,
      "kelly_payoff_ratio": 0.7703721679169638,
      "kelly_fraction": 0.0389872806025335,
      "error": null
    },
    {
      "coin": "BTC",
      "strategy_family": "mean_reversion",
      "cooldown_hours": 72,
      "min_momentum_magnitude": 0.012,
      "n_trades": 196,
      "sharpe_annual": 0.1139260008613305,
      "win_rate": 0.5867346938775511,
      "profit_factor": 0.990897867779319,
      "trades_per_year": 42.012323943661976,
      "total_return": -0.010189330178326461,
      "max_drawdown": 0.26507644920475154,
      "final_equity": 98981.06698216735,
      "avg_net_pnl": 0.00036551896933274326,
      "avg_fee_pnl": -0.0024007703634361154,
      "avg_win_pnl": 0.01581185796487702,
      "avg_loss_pnl": 0.021564468493477037,
      "kelly_payoff_ratio": 0.7332366188232229,
      "kelly_fraction": 0.02311676275771469,
      "error": null
    },
    {
      "coin": "BTC",
      "strategy_family": "mean_reversion",
      "cooldown_hours": 72,
      "min_momentum_magnitude": 0.016,
      "n_trades": 182,
      "sharpe_annual": 0.03272879785796178,
      "win_rate": 0.5824175824175825,
      "profit_factor": 0.9602158347191752,
      "trades_per_year": 39.01144366197183,
      "total_return": -0.04180478255115416,
      "max_drawdown": 0.2554907989710214,
      "final_equity": 95819.52174488458,
      "avg_net_pnl": 0.00010985197863854271,
      "avg_fee_pnl": -0.002400612959387854,
      "avg_win_pnl": 0.015850174994932898,
      "avg_loss_pnl": 0.02184375643882464,
      "kelly_payoff_ratio": 0.7256158087700121,
      "kelly_fraction": 0.006930647685193529,
      "error": null
    },
    {
      "coin": "BTC",
      "strategy_family": "mean_reversion",
      "cooldown_hours": 72,
      "min_momentum_magnitude": 0.024,
      "n_trades": 149,
      "sharpe_annual": -0.19005617148743023,
      "win_rate": 0.5503355704697986,
      "profit_factor": 0.869535966416229,
      "trades_per_year": 31.937940140845072,
      "total_return": -0.11837325444033708,
      "max_drawdown": 0.21398678323094877,
      "final_equity": 88162.6745559663,
      "avg_net_pnl": -0.0007660625790629802,
      "avg_fee_pnl": -0.002399595984650236,
      "avg_win_pnl": 0.017620034579946844,
      "avg_loss_pnl": 0.023268450146806344,
      "kelly_payoff_ratio": 0.7572500303534501,
      "kelly_fraction": 0.0,
      "error": null
    },
    {
      "coin": "BTC",
      "strategy_family": "mean_reversion",
      "cooldown_hours": 96,
      "min_momentum_magnitude": 0.02,
      "n_trades": 144,
      "sharpe_annual": -0.1988404351610154,
      "win_rate": 0.5486111111111112,
      "profit_factor": 0.9000808363886585,
      "trades_per_year": 30.866197183098592,
      "total_return": -0.0921969867364546,
      "max_drawdown": 0.19763474947518186,
      "final_equity": 90780.30132635454,
      "avg_net_pnl": -0.0008143934639562678,
      "avg_fee_pnl": -0.002400826024868757,
      "avg_win_pnl": 0.017960734359825786,
      "avg_loss_pnl": 0.023633394972860607,
      "kelly_payoff_ratio": 0.7599726734331222,
      "kelly_fraction": 0.0,
      "error": null
    },
    {
      "coin": "BTC",
      "strategy_family": "mean_reversion",
      "cooldown_hours": 48,
      "min_momentum_magnitude": 0.016,
      "n_trades": 214,
      "sharpe_annual": -0.2140154714995768,
      "win_rate": 0.5654205607476636,
      "profit_factor": 0.9091548030354698,
      "trades_per_year": 45.870598591549296,
      "total_return": -0.12229410035123134,
      "max_drawdown": 0.30945744766470895,
      "final_equity": 87770.58996487687,
      "avg_net_pnl": -0.0007017709263213162,
      "avg_fee_pnl": -0.002401933851583253,
      "avg_win_pnl": 0.01654763457235119,
      "avg_loss_pnl": 0.023144545822443605,
      "kelly_payoff_ratio": 0.7149690773497359,
      "kelly_fraction": 0.0,
      "error": null
    },
    {
      "coin": "BTC",
      "strategy_family": "mean_reversion",
      "cooldown_hours": 96,
      "min_momentum_magnitude": 0.012,
      "n_trades": 161,
      "sharpe_annual": -0.22219513163536553,
      "win_rate": 0.5527950310559007,
      "profit_factor": 0.9050937665794174,
      "trades_per_year": 34.51012323943662,
      "total_return": -0.08984440874232302,
      "max_drawdown": 0.19870072803003208,
      "final_equity": 91015.5591257677,
      "avg_net_pnl": -0.0007802858673410847,
      "avg_fee_pnl": -0.002400187530743266,
      "avg_win_pnl": 0.0160602776037273,
      "avg_loss_pnl": 0.021597093491300616,
      "kelly_payoff_ratio": 0.7436314340258996,
      "kelly_fraction": 0.0,
      "error": null
    },
    {
      "coin": "BTC",
      "strategy_family": "mean_reversion",
      "cooldown_hours": 96,
      "min_momentum_magnitude": 0.016,
      "n_trades": 152,
      "sharpe_annual": -0.2820495620373961,
      "win_rate": 0.5394736842105263,
      "profit_factor": 0.8811068427849039,
      "trades_per_year": 32.58098591549296,
      "total_return": -0.10992110362724361,
      "max_drawdown": 0.19822569619605002,
      "final_equity": 89007.88963727564,
      "avg_net_pnl": -0.0010342865960985183,
      "avg_fee_pnl": -0.0024003242453052845,
      "avg_win_pnl": 0.01655549176105223,
      "avg_loss_pnl": 0.021639455528760825,
      "kelly_payoff_ratio": 0.76506045815471,
      "kelly_fraction": 0.0,
      "error": null
    },
    {
      "coin": "BTC",
      "strategy_family": "mean_reversion",
      "cooldown_hours": 120,
      "min_momentum_magnitude": 0.012,
      "n_trades": 143,
      "sharpe_annual": -0.3186809546284848,
      "win_rate": 0.5594405594405595,
      "profit_factor": 0.840430341326935,
      "trades_per_year": 30.651848591549296,
      "total_return": -0.12454894662261695,
      "max_drawdown": 0.18293730715707437,
      "final_equity": 87545.1053377383,
      "avg_net_pnl": -0.0011656791410482841,
      "avg_fee_pnl": -0.0023991436895704392,
      "avg_win_pnl": 0.014936923640028493,
      "avg_loss_pnl": 0.021613428704320384,
      "kelly_payoff_ratio": 0.6910945895892353,
      "kelly_fraction": 0.0,
      "error": null
    },
    {
      "coin": "BTC",
      "strategy_family": "mean_reversion",
      "cooldown_hours": 48,
      "min_momentum_magnitude": 0.02,
      "n_trades": 192,
      "sharpe_annual": -0.33508475353606143,
      "win_rate": 0.5364583333333334,
      "profit_factor": 0.8590368456309969,
      "trades_per_year": 41.15492957746479,
      "total_return": -0.17012538842680047,
      "max_drawdown": 0.26573272673653825,
      "final_equity": 82987.46115731995,
      "avg_net_pnl": -0.0012203315785823336,
      "avg_fee_pnl": -0.002401208511731086,
      "avg_win_pnl": 0.01796209922822465,
      "avg_loss_pnl": 0.023420223411179178,
      "kelly_payoff_ratio": 0.7669482443814263,
      "kelly_fraction": 0.0,
      "error": null
    },
    {
      "coin": "BTC",
      "strategy_family": "mean_reversion",
      "cooldown_hours": 120,
      "min_momentum_magnitude": 0.024,
      "n_trades": 121,
      "sharpe_annual": -0.35089140911276306,