{
  "coin": "SOL",
  "run_at": "20260330T182836Z",
  "grid": {
    "strategies": [
      "momentum_trend"
    ],
    "cooldowns": [
      24,
      36,
      60,
      84
    ],
    "min_moms": [
      0.027,
      0.036,
      0.045,
      0.054
    ],
    "pass": 3,
    "note": "threshold relaxation around momentum_trend/cd=36/mm=0.045"
  },
  "n_combinations": 16,
  "results": [
    {
      "coin": "SOL",
      "strategy_family": "momentum_trend",
      "cooldown_hours": 36,
      "min_momentum_magnitude": 0.045,
      "n_trades": 82,
      "sharpe_annual": 0.2957586569296765,
      "win_rate": 0.4634146341463415,
      "profit_factor": 1.1570221088026693,
      "trades_per_year": 17.576584507042256,
      "total_return": 0.19586665674003068,
      "max_drawdown": 0.11153563591857023,
      "final_equity": 119586.66567400306,
      "avg_net_pnl": 0.0033472225001919724,
      "avg_fee_pnl": -0.0024080052354744134,
      "avg_win_pnl": 0.0496084916474559,
      "avg_loss_pnl": 0.03660569176335414,
      "kelly_payoff_ratio": 1.3552125163529576,
      "kelly_fraction": 0.06747277308850881,
      "error": null
    },
    {
      "coin": "SOL",
      "strategy_family": "momentum_trend",
      "cooldown_hours": 36,
      "min_momentum_magnitude": 0.036,
      "n_trades": 83,
      "sharpe_annual": 0.1590944796220215,
      "win_rate": 0.4457831325301205,
      "profit_factor": 1.0782535361048913,
      "trades_per_year": 17.790933098591548,
      "total_return": 0.09525084108778925,
      "max_drawdown": 0.143987792449186,
      "final_equity": 109525.08410877892,
      "avg_net_pnl": 0.0017701069934572828,
      "avg_fee_pnl": -0.002405146449152577,
      "avg_win_pnl": 0.04918911407593703,
      "avg_loss_pnl": 0.036371268268537295,
      "kelly_payoff_ratio": 1.3524167953881256,
      "kelly_fraction": 0.035985746576460614,
      "error": null
    },
    {
      "coin": "SOL",
      "strategy_family": "momentum_trend",
      "cooldown_hours": 36,
      "min_momentum_magnitude": 0.027,
      "n_trades": 93,
      "sharpe_annual": 0.08305099604178787,
      "win_rate": 0.44086021505376344,
      "profit_factor": 1.0394626136328136,
      "trades_per_year": 19.934419014084508,
      "total_return": 0.052248302335098806,
      "max_drawdown": 0.14668389334971205,
      "final_equity": 105224.83023350989,
      "avg_net_pnl": 0.0008527866226318312,
      "avg_fee_pnl": -0.0024036614338975725,
      "avg_win_pnl": 0.047452883873668715,
      "avg_loss_pnl": 0.035889597748378015,
      "kelly_payoff_ratio": 1.3221904632746486,
      "kelly_fraction": 0.017971228574898874,
      "error": null
    },
    {
      "coin": "SOL",
      "strategy_family": "momentum_trend",
      "cooldown_hours": 36,
      "min_momentum_magnitude": 0.054,
      "n_trades": 73,
      "sharpe_annual": 0.009153481304689326,
      "win_rate": 0.4383561643835616,
      "profit_factor": 1.0075390452435948,
      "trades_per_year": 15.647447183098592,
      "total_return": 0.008100262071195186,
      "max_drawdown": 0.1417258355487098,
      "final_equity": 100810.02620711952,
      "avg_net_pnl": 0.0001115100326939967,
      "avg_fee_pnl": -0.0024063774263401324,
      "avg_win_pnl": 0.04952683997665733,
      "avg_loss_pnl": 0.03845655236259445,
      "kelly_payoff_ratio": 1.287864796346919,
      "kelly_fraction": 0.0022515071170814576,
      "error": null
    },
    {
      "coin": "SOL",
      "strategy_family": "momentum_trend",
      "cooldown_hours": 24,
      "min_momentum_magnitude": 0.045,
      "n_trades": 98,
      "sharpe_annual": -0.012728178583602895,
      "win_rate": 0.42857142857142855,
      "profit_factor": 0.9670630911863578,
      "trades_per_year": 21.006161971830988,
      "total_return": -0.04654955889537993,
      "max_drawdown": 0.221819989832501,
      "final_equity": 95345.04411046201,
      "avg_net_pnl": -0.00013246993721895657,
      "avg_fee_pnl": -0.0024025859816190166,
      "avg_win_pnl": 0.05000076971508698,
      "avg_loss_pnl": 0.037732399676448404,
      "kelly_payoff_ratio": 1.3251415267472686,
      "kelly_fraction": 0.0,
      "error": null
    },
    {
      "coin": "SOL",
      "strategy_family": "momentum_trend",
      "cooldown_hours": 60,
      "min_momentum_magnitude": 0.036,
      "n_trades": 65,
      "sharpe_annual": -0.04719647171859765,
      "win_rate": 0.4153846153846154,
      "profit_factor": 0.947941059083367,
      "trades_per_year": 13.932658450704226,
      "total_return": -0.05305292411442264,
      "max_drawdown": 0.18384704733723434,
      "final_equity": 94694.70758855774,
      "avg_net_pnl": -0.000620251762946609,
      "avg_fee_pnl": -0.00240713160714721,
      "avg_win_pnl": 0.05171168684302808,
      "avg_loss_pnl": 0.03780347129877072,
      "kelly_payoff_ratio": 1.367908423920573,
      "kelly_fraction": 0.0,
      "error": null
    },
    {
      "coin": "SOL",
      "strategy_family": "momentum_trend",
      "cooldown_hours": 60,
      "min_momentum_magnitude": 0.027,
      "n_trades": 71,
      "sharpe_annual": -0.05791565670018024,
      "win_rate": 0.4084507042253521,
      "profit_factor": 0.9472102552364615,
      "trades_per_year": 15.21875,
      "total_return": -0.05560481552806251,
      "max_drawdown": 0.16918983502521848,
      "final_equity": 94439.51844719375,
      "avg_net_pnl": -0.0007055948176153888,
      "avg_fee_pnl": -0.0024063656644103142,
      "avg_win_pnl": 0.05048734120196783,
      "avg_loss_pnl": 0.03605309825970856,
      "kelly_payoff_ratio": 1.4003606801912605,
      "kelly_fraction": 0.0,
      "error": null
    },
    {
      "coin": "SOL",
      "strategy_family": "momentum_trend",
      "cooldown_hours": 60,
      "min_momentum_magnitude": 0.045,
      "n_trades": 66,
      "sharpe_annual": -0.1573600493567456,
      "win_rate": 0.3939393939393939,
      "profit_factor": 0.8882409009957483,
      "trades_per_year": 14.147007042253522,
      "total_return": -0.11676961998597701,
      "max_drawdown": 0.22106531255452025,
      "final_equity": 88323.0380014023,
      "avg_net_pnl": -0.002036455013900353,
      "avg_fee_pnl": -0.002403782125043135,
      "avg_win_pnl": 0.05243473853555615,
      "avg_loss_pnl": 0.03744273082104708,
      "kelly_payoff_ratio": 1.4003983519835006,
      "kelly_fraction": 0.0,
      "error": null
    },
    {
      "coin": "SOL",
      "strategy_family": "momentum_trend",
      "cooldown_hours": 24,
      "min_momentum_magnitude": 0.036,
      "n_trades": 100,
      "sharpe_annual": -0.1782468319979807,
      "win_rate": 0.4,
      "profit_factor": 0.8792932970710287,
      "trades_per_year": 21.43485915492958,
      "total_return": -0.16966351562502624,
      "max_drawdown": 0.3120140083670827,
      "final_equity": 83033.64843749738,
      "avg_net_pnl": -0.001842369886834292,
      "avg_fee_pnl": -0.002403001552789994,
      "avg_win_pnl": 0.051535672684313624,
      "avg_loss_pnl": 0.037427731600932906,
      "kelly_payoff_ratio": 1.3769381813945964,
      "kelly_fraction": 0.0,
      "error": null
    },
    {
      "coin": "SOL",
      "strategy_family": "momentum_trend",
      "cooldown_hours": 24,
      "min_momentum_magnitude": 0.027,
      "n_trades": 113,
      "sharpe_annual": -0.2638446279611785,
      "win_rate": 0.39823008849557523,
      "profit_factor": 0.8632486242574364,
      "trades_per_year": 24.221390845070424,
      "total_return": -0.20905377753744314,
      "max_drawdown": 0.29261528284850524,
      "final_equity": 79094.62224625569,
      "avg_net_pnl": -0.002449833203297742,
      "avg_fee_pnl": -0.0024001484795347695,
      "avg_win_pnl": 0.04823273107879756,
      "avg_loss_pnl": 0.035989765448801996,
      "kelly_payoff_ratio": 1.340179089175006,
      "kelly_fraction": 0.0,
      "error": null
    },
    {
      "coin": "SOL",
      "strategy_family": "momentum_trend",
      "cooldown_hours": 60,
      "min_momentum_magnitude": 0.054,
      "n_trades": 60,
      "sharpe_annual": -0.35054670279626055,