{
  "coin": "SOL",
  "run_at": "20260330T222636Z",
  "grid": {
    "strategies": [
      "momentum_trend",
      "breakout_expansion"
    ],
    "cooldowns": [
      24,
      36,
      48
    ],
    "min_moms": [
      0.0382,
      0.045,
      0.0517,
      0.0585
    ],
    "pass": 2,
    "note": "focused refinement"
  },
  "n_combinations": 24,
  "results": [
    {
      "coin": "SOL",
      "strategy_family": "breakout_expansion",
      "cooldown_hours": 36,
      "min_momentum_magnitude": 0.0585,
      "n_trades": 60,
      "sharpe_annual": 0.530363033266124,
      "win_rate": 0.5166666666666667,
      "profit_factor": 1.3642152805242511,
      "trades_per_year": 12.860915492957746,
      "total_return": 0.3152461761494356,
      "max_drawdown": 0.09362273816081397,
      "final_equity": 131524.61761494356,
      "avg_net_pnl": 0.007265016114987283,
      "avg_fee_pnl": -0.002411722764079881,
      "avg_win_pnl": 0.04982765413868563,
      "avg_loss_pnl": 0.038232976255173017,
      "kelly_payoff_ratio": 1.3032638057295847,
      "kelly_fraction": 0.1458028928025896,
      "error": null
    },
    {
      "coin": "SOL",
      "strategy_family": "momentum_trend",
      "cooldown_hours": 36,
      "min_momentum_magnitude": 0.045,
      "n_trades": 82,
      "sharpe_annual": 0.2957586569296765,
      "win_rate": 0.4634146341463415,
      "profit_factor": 1.1570221088026693,
      "trades_per_year": 17.576584507042256,
      "total_return": 0.19586665674003068,
      "max_drawdown": 0.11153563591857023,
      "final_equity": 119586.66567400306,
      "avg_net_pnl": 0.0033472225001919724,
      "avg_fee_pnl": -0.0024080052354744134,
      "avg_win_pnl": 0.0496084916474559,
      "avg_loss_pnl": 0.03660569176335414,
      "kelly_payoff_ratio": 1.3552125163529576,
      "kelly_fraction": 0.06747277308850881,
      "error": null
    },
    {
      "coin": "SOL",
      "strategy_family": "breakout_expansion",
      "cooldown_hours": 48,
      "min_momentum_magnitude": 0.0585,
      "n_trades": 55,
      "sharpe_annual": 0.23812474887917726,
      "win_rate": 0.4727272727272727,
      "profit_factor": 1.1332422826824917,
      "trades_per_year": 11.789172535211268,
      "total_return": 0.10870799645822604,
      "max_drawdown": 0.1253703044833251,
      "final_equity": 110870.79964582261,
      "avg_net_pnl": 0.003364086991148425,
      "avg_fee_pnl": -0.0024070334755509483,
      "avg_win_pnl": 0.049613674767072895,
      "avg_loss_pnl": 0.038101060670025236,
      "kelly_payoff_ratio": 1.3021599371406696,
      "kelly_fraction": 0.06780564041954554,
      "error": null
    },
    {
      "coin": "SOL",
      "strategy_family": "momentum_trend",
      "cooldown_hours": 36,
      "min_momentum_magnitude": 0.0382,
      "n_trades": 83,
      "sharpe_annual": 0.15937009585952083,
      "win_rate": 0.4457831325301205,
      "profit_factor": 1.0787811386817414,
      "trades_per_year": 17.790933098591548,
      "total_return": 0.09538965406366517,
      "max_drawdown": 0.138334189549118,
      "final_equity": 109538.96540636651,
      "avg_net_pnl": 0.001773449702789691,
      "avg_fee_pnl": -0.002406189670662791,
      "avg_win_pnl": 0.04918911407593703,
      "avg_loss_pnl": 0.03636523685822012,
      "kelly_payoff_ratio": 1.3526411024824152,
      "kelly_fraction": 0.03605370285896752,
      "error": null
    },
    {
      "coin": "SOL",
      "strategy_family": "breakout_expansion",
      "cooldown_hours": 36,
      "min_momentum_magnitude": 0.045,
      "n_trades": 75,
      "sharpe_annual": 0.11615553915516207,
      "win_rate": 0.4266666666666667,
      "profit_factor": 1.0331647727926505,
      "trades_per_year": 16.076144366197184,
      "total_return": 0.03766824369683741,
      "max_drawdown": 0.1918494154818239,
      "final_equity": 103766.82436968373,
      "avg_net_pnl": 0.00138187547271074,
      "avg_fee_pnl": -0.0024053950059625476,
      "avg_win_pnl": 0.05113125237690644,
      "avg_loss_pnl": 0.03564091664203955,
      "kelly_payoff_ratio": 1.4346222598718341,
      "kelly_fraction": 0.027026043925629958,
      "error": null
    },
    {
      "coin": "SOL",
      "strategy_family": "momentum_trend",
      "cooldown_hours": 36,
      "min_momentum_magnitude": 0.0585,
      "n_trades": 70,
      "sharpe_annual": 0.10721481178119245,
      "win_rate": 0.4714285714285714,
      "profit_factor": 1.0731566494392581,
      "trades_per_year": 15.004401408450704,
      "total_return": 0.07355837271628829,
      "max_drawdown": 0.14018060907475596,
      "final_equity": 107355.83727162883,
      "avg_net_pnl": 0.0013310010822949689,
      "avg_fee_pnl": -0.0024074236603145584,
      "avg_win_pnl": 0.047439914378359704,
      "avg_loss_pnl": 0.0397931648304114,
      "kelly_payoff_ratio": 1.1921623871973204,
      "kelly_fraction": 0.02805656586307266,
      "error": null
    },
    {
      "coin": "SOL",
      "strategy_family": "breakout_expansion",
      "cooldown_hours": 36,
      "min_momentum_magnitude": 0.0382,
      "n_trades": 78,
      "sharpe_annual": 0.10441296337223618,
      "win_rate": 0.4230769230769231,
      "profit_factor": 1.02141402461127,
      "trades_per_year": 16.719190140845072,
      "total_return": 0.024465075160204908,
      "max_drawdown": 0.19887641425362587,
      "final_equity": 102446.5075160205,
      "avg_net_pnl": 0.0011974309039115693,
      "avg_fee_pnl": -0.002404238274406819,
      "avg_win_pnl": 0.05027448384374644,
      "avg_loss_pnl": 0.034792407918634,
      "kelly_payoff_ratio": 1.4449843184558837,
      "kelly_fraction": 0.023817865691733404,
      "error": null
    },
    {
      "coin": "SOL",
      "strategy_family": "breakout_expansion",
      "cooldown_hours": 24,
      "min_momentum_magnitude": 0.0585,
      "n_trades": 70,
      "sharpe_annual": 0.0629672502443675,
      "win_rate": 0.45714285714285713,
      "profit_factor": 1.016991589491108,
      "trades_per_year": 15.004401408450704,
      "total_return": 0.01792562783094942,
      "max_drawdown": 0.24479823219218233,
      "final_equity": 101792.56278309495,
      "avg_net_pnl": 0.0008002969670042301,
      "avg_fee_pnl": -0.002403972509028382,
      "avg_win_pnl": 0.0492143281745997,
      "avg_loss_pnl": 0.03996941352360248,
      "kelly_payoff_ratio": 1.2312997323700525,
      "kelly_fraction": 0.016261462803372557,
      "error": null
    },
    {
      "coin": "SOL",
      "strategy_family": "breakout_expansion",
      "cooldown_hours": 36,
      "min_momentum_magnitude": 0.0517,
      "n_trades": 69,
      "sharpe_annual": 0.05879752518471082,
      "win_rate": 0.43478260869565216,
      "profit_factor": 1.0143050518378969,
      "trades_per_year": 14.790052816901408,
      "total_return": 0.014586826909954942,
      "max_drawdown": 0.15031359060700625,
      "final_equity": 101458.6826909955,
      "avg_net_pnl": 0.00073190966066063,
      "avg_fee_pnl": -0.0024046933121631927,
      "avg_win_pnl": 0.0497400497522121,
      "avg_loss_pnl": 0.036966659640532806,
      "kelly_payoff_ratio": 1.3455381209957544,
      "kelly_fraction": 0.014714694985363985,
      "error": null
    },
    {
      "coin": "SOL",
      "strategy_family": "momentum_trend",
      "cooldown_hours": 36,
      "min_momentum_magnitude": 0.0517,
      "n_trades": 77,
      "sharpe_annual": 0.04271912932981292,
      "win_rate": 0.44155844155844154,
      "profit_factor": 1.0249908521525768,
      "trades_per_year": 16.504841549295776,
      "total_return": 0.027961319679482566,
      "max_drawdown": 0.1421821380004328,
      "final_equity": 102796.13196794825,
      "avg_net_pnl": 0.0004976991406925224,
      "avg_fee_pnl": -0.0024055330777679644,
      "avg_win_pnl": 0.048751643536637496,
      "avg_loss_pnl": 0.037656582474705824,
      "kelly_payoff_ratio": 1.2946380242918831,
      "kelly_fraction": 0.010208868964971335,
      "error": null
    },
    {
      "coin": "SOL",
      "strategy_family": "momentum_trend",
      "cooldown_hours": 24,