{
  "coin": "SOL",
  "run_at": "20260330T223029Z",
  "grid": {
    "strategies": [
      "momentum_trend"
    ],
    "cooldowns": [
      24,
      48,
      72
    ],
    "min_moms": [
      0.027,
      0.036,
      0.045,
      0.054
    ],
    "pass": 3,
    "note": "threshold relaxation around momentum_trend/cd=24/mm=0.045"
  },
  "n_combinations": 12,
  "results": [
    {
      "coin": "SOL",
      "strategy_family": "momentum_trend",
      "cooldown_hours": 24,
      "min_momentum_magnitude": 0.045,
      "n_trades": 98,
      "sharpe_annual": -0.012728178583602895,
      "win_rate": 0.42857142857142855,
      "profit_factor": 0.9670630911863578,
      "trades_per_year": 21.006161971830988,
      "total_return": -0.04654955889537993,
      "max_drawdown": 0.221819989832501,
      "final_equity": 95345.04411046201,
      "avg_net_pnl": -0.00013246993721895657,
      "avg_fee_pnl": -0.0024025859816190166,
      "avg_win_pnl": 0.05000076971508698,
      "avg_loss_pnl": 0.037732399676448404,
      "kelly_payoff_ratio": 1.3251415267472686,
      "kelly_fraction": 0.0,
      "error": null
    },
    {
      "coin": "SOL",
      "strategy_family": "momentum_trend",
      "cooldown_hours": 48,
      "min_momentum_magnitude": 0.054,
      "n_trades": 65,
      "sharpe_annual": -0.1063424377671415,
      "win_rate": 0.4307692307692308,
      "profit_factor": 0.9555489733401754,
      "trades_per_year": 13.932658450704226,
      "total_return": -0.04424372774057017,
      "max_drawdown": 0.15953614118979095,
      "final_equity": 95575.62722594298,
      "avg_net_pnl": -0.001364733658535199,
      "avg_fee_pnl": -0.002405644073361917,
      "avg_win_pnl": 0.048889174206234266,
      "avg_loss_pnl": 0.03939471798863101,
      "kelly_payoff_ratio": 1.2410083560020222,
      "kelly_fraction": 0.0,
      "error": null
    },
    {
      "coin": "SOL",
      "strategy_family": "momentum_trend",
      "cooldown_hours": 24,
      "min_momentum_magnitude": 0.036,
      "n_trades": 100,
      "sharpe_annual": -0.1782468319979807,
      "win_rate": 0.4,
      "profit_factor": 0.8792932970710287,
      "trades_per_year": 21.43485915492958,
      "total_return": -0.16966351562502624,
      "max_drawdown": 0.3120140083670827,
      "final_equity": 83033.64843749738,
      "avg_net_pnl": -0.001842369886834292,
      "avg_fee_pnl": -0.002403001552789994,
      "avg_win_pnl": 0.051535672684313624,
      "avg_loss_pnl": 0.037427731600932906,
      "kelly_payoff_ratio": 1.3769381813945964,
      "kelly_fraction": 0.0,
      "error": null
    },
    {
      "coin": "SOL",
      "strategy_family": "momentum_trend",
      "cooldown_hours": 48,
      "min_momentum_magnitude": 0.045,
      "n_trades": 72,
      "sharpe_annual": -0.20299254109509915,
      "win_rate": 0.4027777777777778,
      "profit_factor": 0.8924679473611062,
      "trades_per_year": 15.433098591549296,
      "total_return": -0.11805183256811214,
      "max_drawdown": 0.21136721267084335,
      "final_equity": 88194.81674318879,
      "avg_net_pnl": -0.0024194282420230365,
      "avg_fee_pnl": -0.002400089457591466,
      "avg_win_pnl": 0.049624987928332205,
      "avg_loss_pnl": 0.03751915077551843,
      "kelly_payoff_ratio": 1.3226575469483424,
      "kelly_fraction": 0.0,
      "error": null
    },
    {
      "coin": "SOL",
      "strategy_family": "momentum_trend",
      "cooldown_hours": 48,
      "min_momentum_magnitude": 0.036,
      "n_trades": 73,
      "sharpe_annual": -0.212823198132505,
      "win_rate": 0.4246575342465753,
      "profit_factor": 0.8914165471152963,
      "trades_per_year": 15.647447183098592,
      "total_return": -0.11556387374995902,
      "max_drawdown": 0.18279038165724892,
      "final_equity": 88443.6126250041,
      "avg_net_pnl": -0.0025148094312078223,
      "avg_fee_pnl": -0.0024019364131987074,
      "avg_win_pnl": 0.04686262815168832,
      "avg_loss_pnl": 0.038960060980488306,
      "kelly_payoff_ratio": 1.2028376489235404,
      "kelly_fraction": 0.0,
      "error": null
    },
    {
      "coin": "SOL",
      "strategy_family": "momentum_trend",
      "cooldown_hours": 24,
      "min_momentum_magnitude": 0.027,
      "n_trades": 113,
      "sharpe_annual": -0.2638446279611785,
      "win_rate": 0.39823008849557523,
      "profit_factor": 0.8632486242574364,
      "trades_per_year": 24.221390845070424,
      "total_return": -0.20905377753744314,
      "max_drawdown": 0.29261528284850524,
      "final_equity": 79094.62224625569,
      "avg_net_pnl": -0.002449833203297742,
      "avg_fee_pnl": -0.0024001484795347695,
      "avg_win_pnl": 0.04823273107879756,
      "avg_loss_pnl": 0.035989765448801996,
      "kelly_payoff_ratio": 1.340179089175006,
      "kelly_fraction": 0.0,
      "error": null
    },
    {
      "coin": "SOL",
      "strategy_family": "momentum_trend",
      "cooldown_hours": 48,
      "min_momentum_magnitude": 0.027,
      "n_trades": 84,
      "sharpe_annual": -0.4828615925783412,
      "win_rate": 0.39285714285714285,
      "profit_factor": 0.7833234639808118,
      "trades_per_year": 18.005281690140844,
      "total_return": -0.25007164467035237,
      "max_drawdown": 0.3094664097747471,
      "final_equity": 74992.83553296476,
      "avg_net_pnl": -0.0050245937958809,
      "avg_fee_pnl": -0.002398207571886261,
      "avg_win_pnl": 0.04451742548789971,
      "avg_loss_pnl": 0.03708119450891541,
      "kelly_payoff_ratio": 1.200539143289907,
      "kelly_fraction": 0.0,
      "error": null
    },
    {
      "coin": "SOL",
      "strategy_family": "momentum_trend",
      "cooldown_hours": 24,
      "min_momentum_magnitude": 0.054,
      "n_trades": 84,
      "sharpe_annual": -0.5440225669704516,
      "win_rate": 0.39285714285714285,
      "profit_factor": 0.7606541402216792,
      "trades_per_year": 18.005281690140844,
      "total_return": -0.28117793519771617,
      "max_drawdown": 0.3029705969000798,
      "final_equity": 71882.20648022839,
      "avg_net_pnl": -0.006086662505424597,
      "avg_fee_pnl": -0.0024013727731587893,
      "avg_win_pnl": 0.047575779997734366,
      "avg_loss_pnl": 0.040809419419233335,
      "kelly_payoff_ratio": 1.1658038922090637,
      "kelly_fraction": 0.0,
      "error": null
    },
    {
      "coin": "SOL",
      "strategy_family": "momentum_trend",
      "cooldown_hours": 72,
      "min_momentum_magnitude": 0.045,
      "n_trades": 57,
      "sharpe_annual": -0.6941498452429897,
      "win_rate": 0.3508771929824561,
      "profit_factor": 0.7034907552926785,
      "trades_per_year": 12.21786971830986,
      "total_return": -0.25885279022981045,
      "max_drawdown": 0.31858564895382535,
      "final_equity": 74114.72097701895,
      "avg_net_pnl": -0.00886765480083702,
      "avg_fee_pnl": -0.0024000550097285304,
      "avg_win_pnl": 0.0463837777488914,
      "avg_loss_pnl": 0.038733294016906436,
      "kelly_payoff_ratio": 1.1975169921939934,
      "kelly_fraction": 0.0,
      "error": null
    },
    {
      "coin": "SOL",
      "strategy_family": "momentum_trend",
      "cooldown_hours": 72,
      "min_momentum_magnitude": 0.036,
      "n_trades": 57,
      "sharpe_annual": -0.7629511201237155,
      "win_rate": 0.3508771929824561,
      "profit_factor": 0.668403897461105,
      "trades_per_year": 12.21786971830986,
      "total_return": -0.2841358810096809,
      "max_drawdown": 0.340370777924878,
      "final_equity": 71586.41189903191,
      "avg_net_pnl": -0.009649610508654665,
      "avg_fee_pnl": -0.0023997993739608976,
      "avg_win_pnl": 0.044863543019867946,
      "avg_loss_pnl": 0.03911617998353175,
      "kelly_payoff_ratio": 1.1469305806128278,
      "kelly_fraction": 0.0,
      "error": null
    },
    {
      "coin": "SOL",
      "strategy_family": "momentum_trend",
      "cooldown_hours": 72,
      "min_momentum_magnitude": 0.054,
      "n_trades": 53,
      "sharpe_annual": -1.1421214295561175,
      "win_rate": 0.3018867924528302,
      "profit_factor": 0.5194147335397409,