{
  "coin": "XRP",
  "run_at": "20260325T225731Z",
  "grid": {
    "strategies": [
      "mean_reversion"
    ],
    "cooldowns": [
      12,
      24,
      36,
      60
    ],
    "min_moms": [
      0.036,
      0.048,
      0.06,
      0.072
    ],
    "pass": 3,
    "note": "threshold relaxation around mean_reversion/cd=12/mm=0.060"
  },
  "n_combinations": 16,
  "results": [
    {
      "coin": "XRP",
      "strategy_family": "mean_reversion",
      "cooldown_hours": 12,
      "min_momentum_magnitude": 0.048,
      "n_trades": 81,
      "sharpe_annual": 0.15199189499723795,
      "win_rate": 0.4444444444444444,
      "profit_factor": 0.9560576541504816,
      "trades_per_year": 17.36223591549296,
      "total_return": -0.05258092395462299,
      "max_drawdown": 0.4222857930516927,
      "final_equity": 94741.9076045377,
      "avg_net_pnl": 0.0013995082470108933,
      "avg_fee_pnl": -0.002401201329861226,
      "avg_win_pnl": 0.03957041732341421,
      "avg_loss_pnl": 0.02913721901411176,
      "kelly_payoff_ratio": 1.3580711770828038,
      "kelly_fraction": 0.03536753821857691,
      "error": null
    },
    {
      "coin": "XRP",
      "strategy_family": "mean_reversion",
      "cooldown_hours": 12,
      "min_momentum_magnitude": 0.06,
      "n_trades": 58,
      "sharpe_annual": 0.06788202107964154,
      "win_rate": 0.39655172413793105,
      "profit_factor": 0.8978553751885985,
      "trades_per_year": 12.432218309859156,
      "total_return": -0.09575202852818776,
      "max_drawdown": 0.2755126685203864,
      "final_equity": 90424.79714718122,
      "avg_net_pnl": 0.0008382725432018117,
      "avg_fee_pnl": -0.0024012277061223946,
      "avg_win_pnl": 0.047616250226291866,
      "avg_loss_pnl": 0.029901541362828805,
      "kelly_payoff_ratio": 1.5924346390211364,
      "kelly_fraction": 0.017604757603087034,
      "error": null
    },
    {
      "coin": "XRP",
      "strategy_family": "mean_reversion",
      "cooldown_hours": 24,
      "min_momentum_magnitude": 0.048,
      "n_trades": 66,
      "sharpe_annual": -0.08690190559634203,
      "win_rate": 0.4090909090909091,
      "profit_factor": 0.8726143785977731,
      "trades_per_year": 14.147007042253522,
      "total_return": -0.12175143728970073,
      "max_drawdown": 0.4113399137049797,
      "final_equity": 87824.85627102993,
      "avg_net_pnl": -0.0008079045338837479,
      "avg_fee_pnl": -0.0023992897037321,
      "avg_win_pnl": 0.037046626116956784,
      "avg_loss_pnl": 0.027014887292157966,
      "kelly_payoff_ratio": 1.3713411318843773,
      "kelly_fraction": 0.0,
      "error": null
    },
    {
      "coin": "XRP",
      "strategy_family": "mean_reversion",
      "cooldown_hours": 36,
      "min_momentum_magnitude": 0.048,
      "n_trades": 57,
      "sharpe_annual": -0.18273276160729912,
      "win_rate": 0.40350877192982454,
      "profit_factor": 0.8370129084806539,
      "trades_per_year": 12.21786971830986,
      "total_return": -0.13104815460638242,
      "max_drawdown": 0.30469572560747776,
      "final_equity": 86895.18453936176,
      "avg_net_pnl": -0.0017220128848368778,
      "avg_fee_pnl": -0.002397798286145898,
      "avg_win_pnl": 0.03488205492229411,
      "avg_loss_pnl": 0.026483588166131368,
      "kelly_payoff_ratio": 1.3171196706231505,
      "kelly_fraction": 0.0,
      "error": null
    },
    {
      "coin": "XRP",
      "strategy_family": "mean_reversion",
      "cooldown_hours": 36,
      "min_momentum_magnitude": 0.036,
      "n_trades": 66,
      "sharpe_annual": -0.18883745079540787,
      "win_rate": 0.4090909090909091,
      "profit_factor": 0.8965718999827148,
      "trades_per_year": 14.147007042253522,
      "total_return": -0.09481218148912696,
      "max_drawdown": 0.22100799051393147,
      "final_equity": 90518.7818510873,
      "avg_net_pnl": -0.0017767692557678523,
      "avg_fee_pnl": -0.0023955481995662354,
      "avg_win_pnl": 0.03554674026007936,
      "avg_loss_pnl": 0.027616121997508226,
      "kelly_payoff_ratio": 1.2871734946451463,
      "kelly_fraction": 0.0,
      "error": null
    },
    {
      "coin": "XRP",
      "strategy_family": "mean_reversion",
      "cooldown_hours": 24,
      "min_momentum_magnitude": 0.06,
      "n_trades": 50,
      "sharpe_annual": -0.2458361719221248,
      "win_rate": 0.36,
      "profit_factor": 0.8033883617913562,
      "trades_per_year": 10.71742957746479,
      "total_return": -0.15913197101366228,
      "max_drawdown": 0.34740203022189214,
      "final_equity": 84086.80289863377,
      "avg_net_pnl": -0.0027607014920332366,
      "avg_fee_pnl": -0.0023984409663036286,
      "avg_win_pnl": 0.041091476837867284,
      "avg_loss_pnl": 0.027427551802602285,
      "kelly_payoff_ratio": 1.4981824529438528,
      "kelly_fraction": 0.0,
      "error": null
    },
    {
      "coin": "XRP",
      "strategy_family": "mean_reversion",
      "cooldown_hours": 12,
      "min_momentum_magnitude": 0.072,
      "n_trades": 43,
      "sharpe_annual": -0.24795879598153978,
      "win_rate": 0.3488372093023256,
      "profit_factor": 0.6901364372730162,
      "trades_per_year": 9.216989436619718,
      "total_return": -0.2162094027204403,
      "max_drawdown": 0.29936803654241234,
      "final_equity": 78379.05972795597,
      "avg_net_pnl": -0.0035329590942061594,
      "avg_fee_pnl": -0.0023965947986456584,
      "avg_win_pnl": 0.0476871373275665,
      "avg_loss_pnl": 0.030972296463012937,
      "kelly_payoff_ratio": 1.5396706984422157,
      "kelly_fraction": 0.0,
      "error": null
    },
    {
      "coin": "XRP",
      "strategy_family": "mean_reversion",
      "cooldown_hours": 60,
      "min_momentum_magnitude": 0.06,
      "n_trades": 40,
      "sharpe_annual": -0.31585452025995764,
      "win_rate": 0.4,
      "profit_factor": 0.770276887484777,
      "trades_per_year": 8.573943661971832,
      "total_return": -0.142695942179749,
      "max_drawdown": 0.28873599063738736,
      "final_equity": 85730.4057820251,
      "avg_net_pnl": -0.003779004287317555,
      "avg_fee_pnl": -0.002398995295978894,
      "avg_win_pnl": 0.034669049318362156,
      "avg_loss_pnl": 0.029411040024437368,
      "kelly_payoff_ratio": 1.1787767209033055,
      "kelly_fraction": 0.0,
      "error": null
    },
    {
      "coin": "XRP",
      "strategy_family": "mean_reversion",
      "cooldown_hours": 12,
      "min_momentum_magnitude": 0.036,
      "n_trades": 99,
      "sharpe_annual": -0.34610348281308356,
      "win_rate": 0.40404040404040403,
      "profit_factor": 0.8108337524360201,
      "trades_per_year": 21.220510563380284,
      "total_return": -0.26893393262605425,
      "max_drawdown": 0.4058988883858724,
      "final_equity": 73106.60673739457,
      "avg_net_pnl": -0.0028388056540921826,
      "avg_fee_pnl": -0.0023952549881965314,
      "avg_win_pnl": 0.03719325631539698,
      "avg_loss_pnl": 0.029979186650356027,
      "kelly_payoff_ratio": 1.2406359368310373,
      "kelly_fraction": 0.0,
      "error": null
    },
    {
      "coin": "XRP",
      "strategy_family": "mean_reversion",
      "cooldown_hours": 36,
      "min_momentum_magnitude": 0.06,
      "n_trades": 45,
      "sharpe_annual": -0.41826990236321526,
      "win_rate": 0.35555555555555557,
      "profit_factor": 0.7201956015874798,
      "trades_per_year": 9.64568661971831,
      "total_return": -0.19594956781151518,
      "max_drawdown": 0.33576199858023564,
      "final_equity": 80405.04321884848,
      "avg_net_pnl": -0.0046199214044457095,
      "avg_fee_pnl": -0.002395511145883139,
      "avg_win_pnl": 0.03756208524488356,
      "avg_loss_pnl": 0.027892752659248062,
      "kelly_payoff_ratio": 1.3466611095635108,
      "kelly_fraction": 0.0,
      "error": null
    },
    {
      "coin": "XRP",
      "strategy_family": "mean_reversion",
      "cooldown_hours": 24,
      "min_momentum_magnitude": 0.036,
      "n_trades": 76,
      "sharpe_annual": -0.45232946841126953,
      "win_rate": 0.3815789473684211,